{
  "id": "28ade7b0-c28a-ab32-2aea-183e7319f007",
  "name": "BIM360Export",
  "values": [
    {
      "enabled": true,
      "key": "ClientID",
      "value": "",
      "type": "text"
    },
    {
      "enabled": true,
      "key": "ClientSecret",
      "value": "",
      "type": "text"
    },
    {
      "enabled": true,
      "key": "BIM360AccountID",
      "value": "",
      "type": "text"
    },
    {
      "enabled": true,
      "key": "AccessToken",
      "value": "",
      "type": "text"
    }
  ],
  "timestamp": 1501102799864,
  "_postman_variable_scope": "environment",
  "_postman_exported_at": "2017-07-26T21:00:05.467Z",
  "_postman_exported_using": "Postman/5.1.2"
}